desc_distrito_local,desc_barrio_local,n_locales,riesgo_medio,riesgo_maximo,pct_decil_10,latitud,longitud,n_con_coord
VICALVARO,EL CAÑAVERAL,81,0.05782,0.11833,30.86,40.403561,-3.559323,81
SALAMANCA,RECOLETOS,1199,0.04972,0.13158,14.1,40.424815,-3.685288,1113
SALAMANCA,CASTELLANA,831,0.04927,0.11833,14.8,40.433787,-3.683789,760
RETIRO,IBIZA,700,0.04853,0.11833,21.29,40.41861,-3.6752,668
SALAMANCA,GOYA,1217,0.04818,0.11833,16.52,40.425328,-3.674784,1183
VICALVARO,VALDERRIVAS,58,0.04771,0.07505,18.97,40.399595,-3.602127,55
SALAMANCA,LISTA,725,0.04753,0.11833,15.45,40.431688,-3.675302,711
VICALVARO,VALDEBERNARDO,201,0.04748,0.11833,21.39,40.39885,-3.621398,189
VILLAVERDE,SAN CRISTOBAL,163,0.04648,0.2,15.34,40.342603,-3.689093,153
CENTRO,JUSTICIA,1385,0.04642,0.13158,19.93,40.423526,-3.697647,1270
TETUAN,CUATRO CAMINOS,1394,0.04637,0.2,28.26,40.451196,-3.698312,1098
CENTRO,PALACIO,1267,0.0453,0.11833,21.47,40.414775,-3.710796,1144
VILLAVERDE,LOS ANGELES,510,0.04515,0.13158,16.08,40.355452,-3.696915,481
CENTRO,UNIVERSIDAD,1719,0.04463,0.2,18.96,40.425015,-3.705667,1610
TETUAN,CASTILLEJOS,694,0.04451,0.2,25.07,40.460244,-3.695227,688
VICALVARO,CASCO H.VICALVARO,733,0.04423,0.11833,15.69,40.403934,-3.604455,710
CENTRO,CORTES,866,0.04378,0.11833,14.55,40.414228,-3.697976,851
SALAMANCA,FUENTE DEL BERRO,549,0.04359,0.11833,14.94,40.426183,-3.66538,521
CENTRO,SOL,1210,0.04311,0.11833,11.4,40.417037,-3.70496,1080
MORATALAZ,VINATEROS,190,0.0429,0.11833,16.32,40.405656,-3.64429,179
SALAMANCA,GUINDALERA,1033,0.04259,0.11833,13.55,40.435101,-3.668798,971
VILLAVERDE,LOS ROSALES,583,0.04238,0.13158,19.04,40.353806,-3.688953,560
RETIRO,PACIFICO,840,0.04211,0.11833,13.93,40.404732,-3.677512,773
VILLA DE VALLECAS,ENSANCHE DE VALLECAS,493,0.04175,0.11833,9.94,40.367284,-3.602104,437
VILLAVERDE,BUTARQUE,199,0.0417,0.13158,17.09,40.347193,-3.677915,183
CHAMBERI,GAZTAMBIDE,992,0.0414,0.11833,13.1,40.434669,-3.714611,972
CENTRO,EMBAJADORES,2038,0.04139,0.2,12.56,40.40977,-3.70319,1835
MORATALAZ,MARROQUINA,532,0.04086,0.2,15.79,40.408737,-3.643994,520
RETIRO,ADELFAS,280,0.04057,0.11833,16.43,40.400849,-3.671251,272
CHAMBERI,ARAPILES,837,0.04057,0.11833,12.78,40.434309,-3.708291,773
CHAMBERI,TRAFALGAR,1038,0.04025,0.11833,12.33,40.432763,-3.701289,1019
MORATALAZ,FONTARRON,193,0.03973,0.07798,14.51,40.402252,-3.64595,187
CHAMBERI,ALMAGRO,803,0.0393,0.11833,10.34,40.433314,-3.69464,754
CHAMBERI,RIOS ROSAS,935,0.03878,0.11833,10.16,40.442362,-3.698412,862
TETUAN,BERRUGUETE,594,0.03875,0.2,18.01,40.458623,-3.704458,568
TETUAN,BELLAS VISTAS,724,0.03831,0.2,18.92,40.451921,-3.706284,710
RETIRO,ESTRELLA,276,0.03797,0.11833,13.04,40.412903,-3.66735,241
BARAJAS,CORRALEJOS,159,0.03723,0.11833,6.29,40.464012,-3.603983,107
MORATALAZ,MEDIA LEGUA,258,0.0372,0.07505,11.24,40.410046,-3.656505,242
TETUAN,VALDEACEDERAS,564,0.03716,0.13158,20.92,40.465336,-3.700117,504
RETIRO,LOS JERONIMOS,238,0.03693,0.11833,9.66,40.412681,-3.687133,227
BARAJAS,CASCO H.BARAJAS,259,0.03692,0.07798,6.95,40.472576,-3.579557,253
MONCLOA-ARAVACA,EL PLANTIO,141,0.03685,0.07505,7.09,40.468813,-3.817039,129
RETIRO,NIÑO JESUS,330,0.03682,0.08455,12.12,40.411492,-3.673332,308
CHAMBERI,VALLEHERMOSO,526,0.03548,0.11833,8.17,40.44216,-3.711364,499
MORATALAZ,HORCAJO,67,0.03522,0.13158,13.43,40.406946,-3.629462,66
TETUAN,ALMENARA,521,0.03485,0.11833,19.58,40.469421,-3.693901,460
CIUDAD LINEAL,COSTILLARES,259,0.03465,0.11833,9.65,40.47881,-3.667984,247
BARAJAS,AEROPUERTO,278,0.03458,0.11833,10.07,40.461461,-3.57322,189
ARGANZUELA,CHOPERA,450,0.03436,0.07505,8.67,40.396201,-3.698318,407
CHAMARTIN,HISPANOAMERICA,984,0.03397,0.08455,6.4,40.455658,-3.678844,875
BARAJAS,TIMON,179,0.03395,0.07505,7.26,40.473123,-3.58752,170
ARGANZUELA,DELICIAS,519,0.03357,0.07505,7.13,40.39691,-3.693582,513
CHAMARTIN,PROSPERIDAD,1027,0.03347,0.11833,6.33,40.443673,-3.671157,964
CIUDAD LINEAL,PUEBLO NUEVO,1507,0.03345,0.11833,8.76,40.430511,-3.639749,1461
MONCLOA-ARAVACA,ARGUELLES,866,0.03343,0.08455,8.78,40.427685,-3.71725,809
BARAJAS,ALAMEDA DE OSUNA,231,0.03335,0.08455,5.63,40.456109,-3.58917,213
ARGANZUELA,LEGAZPI,291,0.03314,0.08455,8.25,40.389894,-3.690118,288
CARABANCHEL,BUENAVISTA,892,0.03303,0.11833,11.21,40.368323,-3.750329,836
CIUDAD LINEAL,QUINTANA,831,0.03301,0.11833,8.54,40.436347,-3.645415,816
MONCLOA-ARAVACA,CASA DE CAMPO,447,0.03291,0.11833,6.04,40.423139,-3.727035,406
FUENCARRAL-EL PARDO,EL PILAR,1088,0.03278,0.13158,8.36,40.477515,-3.709774,1054
ARGANZUELA,PALOS DE LA FRONTERA,852,0.03271,0.07505,5.75,40.403699,-3.694913,763
SAN BLAS-CANILLEJAS,ARCOS,254,0.03241,0.08455,5.51,40.420532,-3.618629,231
CIUDAD LINEAL,SAN JUAN BAUTISTA,279,0.03211,0.11833,7.17,40.450609,-3.654819,264
CIUDAD LINEAL,SAN PASCUAL,371,0.03205,0.11833,6.47,40.44149,-3.653044,354
ARGANZUELA,ACACIAS,787,0.03202,0.07505,5.34,40.401799,-3.705664,773
SAN BLAS-CANILLEJAS,ROSAS,641,0.03199,0.13158,7.18,40.428793,-3.60567,617
PUENTE DE VALLECAS,SAN DIEGO,1092,0.03183,0.11833,9.16,40.390404,-3.667409,1072
CIUDAD LINEAL,CONCEPCION,637,0.03176,0.11833,6.59,40.436929,-3.652951,610
VILLA DE VALLECAS,SANTA EUGENIA,313,0.03152,0.08455,6.07,40.382258,-3.609152,287
VILLA DE VALLECAS,CASCO H.VALLECAS,1822,0.03139,0.11833,7.57,40.371154,-3.63896,1723
MORATALAZ,PAVONES,114,0.03138,0.07505,7.02,40.400317,-3.632972,99
CHAMARTIN,CIUDAD JARDIN,720,0.03134,0.11833,6.39,40.446981,-3.673982,691
CARABANCHEL,VISTA ALEGRE,1427,0.03127,0.11833,5.47,40.386883,-3.741811,1406
CHAMARTIN,NUEVA ESPAÑA,618,0.03119,0.07505,5.18,40.46172,-3.680696,552
ARGANZUELA,ATOCHA,133,0.0311,0.07505,6.02,40.397637,-3.680827,26
FUENCARRAL-EL PARDO,LA PAZ,459,0.031,0.11833,5.23,40.481162,-3.699815,431
PUENTE DE VALLECAS,NUMANCIA,918,0.03083,0.13158,7.84,40.398456,-3.661578,869
HORTALEZA,PALOMAS,92,0.03083,0.07505,4.35,40.453432,-3.617626,65
HORTALEZA,VALDEFUENTES,571,0.03081,0.07505,4.55,40.489316,-3.647279,507
FUENCARRAL-EL PARDO,FUENTELARREINA,17,0.03076,0.06297,0.0,40.477726,-3.7403,16
MONCLOA-ARAVACA,ARAVACA,418,0.03074,0.11833,6.46,40.455996,-3.782993,378
ARGANZUELA,IMPERIAL,479,0.03073,0.08455,6.47,40.407734,-3.717768,445
CHAMARTIN,EL VISO,649,0.0307,0.08455,4.01,40.446095,-3.684458,607
PUENTE DE VALLECAS,PORTAZGO,573,0.03053,0.11833,8.2,40.389041,-3.648618,561
CARABANCHEL,ABRANTES,451,0.03047,0.11833,4.66,40.381879,-3.728338,434
SAN BLAS-CANILLEJAS,AMPOSTA,121,0.03038,0.11833,2.48,40.426609,-3.620936,115
SAN BLAS-CANILLEJAS,CANILLEJAS,636,0.03037,0.11833,5.35,40.442978,-3.6114,616
FUENCARRAL-EL PARDO,MIRASIERRA,270,0.03028,0.13158,6.3,40.492392,-3.714087,246
CIUDAD LINEAL,VENTAS,1053,0.03019,0.11833,6.08,40.428037,-3.652922,1034
PUENTE DE VALLECAS,PALOMERAS BAJAS,523,0.03004,0.11833,7.27,40.386115,-3.659557,498
CARABANCHEL,COMILLAS,519,0.03004,0.11833,3.28,40.394309,-3.711444,510
CHAMARTIN,CASTILLA,362,0.03,0.11833,5.25,40.471264,-3.683014,277
FUENCARRAL-EL PARDO,PEÑA GRANDE,527,0.02999,0.11833,7.97,40.479415,-3.721428,496
FUENCARRAL-EL PARDO,VALVERDE,1028,0.02957,0.13158,7.78,40.497879,-3.68235,955
HORTALEZA,PIOVERA,212,0.02928,0.07505,5.66,40.457872,-3.633243,194
VILLAVERDE,SAN ANDRES,1700,0.02899,0.11833,9.76,40.341174,-3.708051,1682
FUENCARRAL-EL PARDO,EL GOLOSO,335,0.02886,0.11833,8.66,40.515692,-3.698662,277
SAN BLAS-CANILLEJAS,SIMANCAS,746,0.02876,0.13158,4.02,40.435082,-3.628045,710
PUENTE DE VALLECAS,ENTREVIAS,471,0.02875,0.08455,7.22,40.379842,-3.669505,441
CIUDAD LINEAL,COLINA,192,0.02856,0.08455,4.69,40.457372,-3.659822,182
HORTALEZA,PINAR DEL REY,968,0.02845,0.11833,3.72,40.472661,-3.645476,914
SAN BLAS-CANILLEJAS,EL SALVADOR,152,0.02843,0.06297,4.61,40.443557,-3.633521,137
MONCLOA-ARAVACA,VALDEZARZA,407,0.02838,0.07505,4.91,40.464804,-3.716223,396
CARABANCHEL,OPAÑEL,828,0.02827,0.08455,2.66,40.390575,-3.722734,807
SAN BLAS-CANILLEJAS,REJAS,494,0.02809,0.11833,3.85,40.446265,-3.576411,452
HORTALEZA,APOSTOL SANTIAGO,138,0.0279,0.07505,5.07,40.474305,-3.660873,130
HORTALEZA,CANILLAS,883,0.02785,0.08455,4.53,40.463838,-3.642106,807
SAN BLAS-CANILLEJAS,HELLIN,51,0.02752,0.06297,5.88,40.430834,-3.615003,45
USERA,MOSCARDO,710,0.02748,0.08455,3.8,40.387504,-3.705898,572
CARABANCHEL,PUERTA BONITA,585,0.02739,0.07798,2.56,40.381723,-3.735931,573
MONCLOA-ARAVACA,VALDEMARIN,73,0.02685,0.07505,4.11,40.46669,-3.784027,65
PUENTE DE VALLECAS,PALOMERAS SURESTE,604,0.02657,0.11833,6.29,40.386346,-3.637894,551
FUENCARRAL-EL PARDO,EL PARDO,95,0.02657,0.06297,1.05,40.517912,-3.772512,89
CARABANCHEL,SAN ISIDRO,667,0.02636,0.11833,2.55,40.39485,-3.728851,651
LATINA,LAS AGUILAS,712,0.02617,0.11833,3.37,40.380424,-3.77054,626
USERA,ALMENDRALES,401,0.02575,0.11833,3.99,40.384617,-3.701798,388
USERA,ORCASITAS,217,0.02495,0.06297,3.69,40.368946,-3.71175,203
MONCLOA-ARAVACA,CIUDAD UNIVERSITARIA,623,0.02478,0.07798,2.25,40.451331,-3.720087,447
LATINA,ALUCHE,1237,0.02441,0.11833,2.91,40.391515,-3.758586,1208
USERA,PRADOLONGO,470,0.02437,0.08455,3.83,40.383067,-3.707748,458
USERA,SAN FERMIN,252,0.02403,0.07505,2.38,40.372305,-3.691029,213
LATINA,LUCERO,534,0.02356,0.11833,2.25,40.404107,-3.747501,523
LATINA,PUERTA DEL ANGEL,1002,0.02347,0.11833,3.09,40.410302,-3.732667,1001
CIUDAD LINEAL,ATALAYA,22,0.02347,0.07505,4.55,40.46471,-3.664734,22
USERA,ORCASUR,151,0.02208,0.07059,2.65,40.370437,-3.698055,134
LATINA,CAMPAMENTO,286,0.02186,0.07505,2.1,40.395467,-3.774108,266
LATINA,LOS CARMENES,204,0.0217,0.11833,1.47,40.403278,-3.734337,191
USERA,ZOFIO,218,0.02134,0.06297,1.38,40.380644,-3.713771,209
LATINA,CUATRO VIENTOS,73,0.02012,0.06297,1.37,40.369919,-3.774677,67
